Section,Item,Brand,URL
WC1,3043001 ADA Bowl,American Standard,
WC1,Z6000AV-HET Valve,Zurn,
WC1,500STSCC Seat,Centoco,
L1,0476028.020 20x17,American Standard,
L1,501LF-HGMHDF Faucet,Delta,
L1,ZW3870XLT TMV,Zurn,
L1,Z8746-PC Offset Grid,Zurn,
L1,Z8700-R P Trap,Zurn,
L1,Z8804LRQLK-8860 Supply,Zurn,
L1,X4444 ADA Wrap,Plumberex,
S1,Z831B4Y Faucet,Zurn,
SH1,363BFC 27" ADA Shower,Aquatic,
MB1,SB900 Mop Basin,Steris/Williams,
MB1,Z843-MIRC Faucet,Zurn,
MB1,Z1996-14H Hose,Zurn,
MB1,Z1996-MH Mop Holder,Zurn,
